repo_name,easy_file,hard_file
kataras/iris,iris.go,context/context.go
restic/restic,internal/restic/repository.go,internal/repository/master_index.go
restic/restic,internal/archiver/archiver.go,internal/repository/master_index.go
rancher/rancher,pkg/auth/providers/azure/config.go,pkg/auth/providers/azure/clients/ad_graph_client.go
rancher/rancher,pkg/auth/providers/azure/config.go,pkg/auth/providers/azure/clients/ms_graph_client.go
rkoesters/xkcd-gtk,internal/widget/comic-list-button.go,internal/widget/open-url.go
rkoesters/xkcd-gtk,internal/widget/comic-list-button.go,internal/widget/dark-mode-switch.go
rkoesters/xkcd-gtk,internal/widget/comic-list-view.go,internal/widget/dark-mode-switch.go
rkoesters/xkcd-gtk,internal/widget/comic-list-view.go,internal/widget/open-url.go
hashicorp/terraform-provider-google-beta,google-beta/resource_sql_database_instance.go,google-beta/resource_container_cluster.go
hashicorp/terraform-provider-google-beta,google-beta/resource_sql_database_instance.go,google-beta/config.go
hashicorp/terraform-provider-google-beta,google-beta/resource_sql_database_instance.go,google-beta/provider.go
